{
 "J0030+0451_efac": 1.064103158488829,
 "J0030+0451_log10_tnequad": -6.244196794385394,
 "J0030+0451_gamma_red": 1.2600520811945475,
 "J0030+0451_log10_A_red": -19.460216435261074
}