{
 "J0125-2327_efac": 1.064465110992999,
 "J0125-2327_log10_tnequad": -6.622771688418814,
 "J0125-2327_gamma_red": 0.13991831983919426,
 "J0125-2327_log10_A_red": -13.14069369091905
}