{
 "J0437-4715_efac": 1.9999176771571614,
 "J0437-4715_log10_tnequad": -6.82282115511326,
 "J0437-4715_gamma_red": 2.7501769906041384,
 "J0437-4715_log10_A_red": -13.481054409951113
}