{
 "J0613-0200_efac": 1.1957204310759406,
 "J0613-0200_log10_tnequad": -6.775809590775004,
 "J0613-0200_gamma_red": 2.734099103240187,
 "J0613-0200_log10_A_red": -13.217926006550652
}