{
 "J0614-3329_efac": 1.0283243248335583,
 "J0614-3329_log10_tnequad": -6.3670435253704385,
 "J0614-3329_gamma_red": 0.14017312583945413,
 "J0614-3329_log10_A_red": -14.112849190052069
}