{
 "J0711-6830_efac": 1.109664431968591,
 "J0711-6830_log10_tnequad": -6.840441685152148,
 "J0711-6830_gamma_red": 1.9270820616236526,
 "J0711-6830_log10_A_red": -13.099640952408055
}