{
 "J0900-3144_efac": 1.1293485659614424,
 "J0900-3144_log10_tnequad": -5.954156726333023,
 "J0900-3144_gamma_red": 0.9800440685994819,
 "J0900-3144_log10_A_red": -14.518766550051145
}