{
 "J1017-7156_efac": 1.3961660750404847,
 "J1017-7156_log10_tnequad": -6.121580676002733,
 "J1017-7156_gamma_red": 1.4431443251371032,
 "J1017-7156_log10_A_red": -12.500705572748874
}