{
 "J1022+1001_efac": 1.1622992939384758,
 "J1022+1001_log10_tnequad": -5.886731190891432,
 "J1022+1001_gamma_red": 1.096064230210544,
 "J1022+1001_log10_A_red": -12.899358293837176
}