{
 "J1024-0719_efac": 1.0576403560575518,
 "J1024-0719_log10_tnequad": -6.632779007137856,
 "J1024-0719_gamma_red": 3.0379481336240097,
 "J1024-0719_log10_A_red": -13.493791300482078
}