{
 "J1045-4509_efac": 1.2068150291583493,
 "J1045-4509_log10_tnequad": -5.245756341957234,
 "J1045-4509_gamma_red": 2.373749586766545,
 "J1045-4509_log10_A_red": -11.963356486287948
}