{
 "J1125-6014_efac": 1.7380844962312068,
 "J1125-6014_log10_tnequad": -6.0349991025055765,
 "J1125-6014_gamma_red": 3.490990092142643,
 "J1125-6014_log10_A_red": -13.03201073209339
}