{
 "J1446-4701_efac": 1.1680976575235196,
 "J1446-4701_log10_tnequad": -6.180543113311513,
 "J1446-4701_gamma_red": 0.9768397655502461,
 "J1446-4701_log10_A_red": -12.742397443922139
}