{
 "J1545-4550_efac": 1.1029033860088893,
 "J1545-4550_log10_tnequad": -6.517797659478385,
 "J1545-4550_gamma_red": 3.6052911556960576,
 "J1545-4550_log10_A_red": -13.735263607447205
}