{
 "J1603-7202_efac": 1.1887616257469014,
 "J1603-7202_log10_tnequad": -6.223601217980196,
 "J1603-7202_gamma_red": 2.191436066565497,
 "J1603-7202_log10_A_red": -12.640906590075236
}