{
 "J1600-3053_efac": 1.4934611872044594,
 "J1600-3053_log10_tnequad": -7.169142780858923,
 "J1600-3053_gamma_red": 2.6201977145097644,
 "J1600-3053_log10_A_red": -13.171126940142464
}