{
 "J1643-1224_efac": 1.55998692839548,
 "J1643-1224_log10_tnequad": -6.357157713823319,
 "J1643-1224_gamma_red": 1.312383264928147,
 "J1643-1224_log10_A_red": -12.4758042835001
}