{
 "J1713+0747_efac": 1.0665242830729653,
 "J1713+0747_log10_tnequad": -6.839102815095117,
 "J1713+0747_gamma_red": 1.3291741914778843,
 "J1713+0747_log10_A_red": -13.405993191457013
}