{
 "J1730-2304_efac": 1.1721334695615817,
 "J1730-2304_log10_tnequad": -6.616852477930814,
 "J1730-2304_gamma_red": 1.9702604532644816,
 "J1730-2304_log10_A_red": -13.069014592711994
}