{
 "J1744-1134_efac": 1.2079788413441146,
 "J1744-1134_log10_tnequad": -6.535996795043173,
 "J1744-1134_gamma_red": 1.6724620445450884,
 "J1744-1134_log10_A_red": -13.25458360838001
}