{
 "J1741+1351_efac": 1.1282497661700606,
 "J1741+1351_log10_tnequad": -8.950382144565317,
 "J1741+1351_gamma_red": 6.8597023653471805,
 "J1741+1351_log10_A_red": -13.340121777930086
}