{
 "J1824-2452A_efac": 1.9977185697441608,
 "J1824-2452A_log10_tnequad": -5.54576529692696,
 "J1824-2452A_gamma_red": 3.858127201179456,
 "J1824-2452A_log10_A_red": -12.425977079591966
}