{
 "J1832-0836_efac": 0.8346408549426192,
 "J1832-0836_log10_tnequad": -6.154088035628483,
 "J1832-0836_gamma_red": 5.136413603275987,
 "J1832-0836_log10_A_red": -13.623691973317719
}