{
 "J1857+0943_efac": 1.0983586143042776,
 "J1857+0943_log10_tnequad": -6.5862192227793726,
 "J1857+0943_gamma_red": 1.555951783880547,
 "J1857+0943_log10_A_red": -13.003950831696313
}