{
 "J1909-3744_efac": 1.3090815763818258,
 "J1909-3744_log10_tnequad": -6.583027461476218,
 "J1909-3744_gamma_red": 2.3195752952650914,
 "J1909-3744_log10_A_red": -13.483495929416
}