{
 "J1902-5105_efac": 1.0750201550704919,
 "J1902-5105_log10_tnequad": -9.445487443362616,
 "J1902-5105_gamma_red": 2.100286062185315,
 "J1902-5105_log10_A_red": -12.451284799728224
}