{
 "J1939+2134_efac": 0.12936263223787847,
 "J1939+2134_log10_tnequad": -5.659032260320579,
 "J1939+2134_gamma_red": 2.0761329115342466,
 "J1939+2134_log10_A_red": -12.438811349951717
}