{
 "J1933-6211_efac": 1.051401994425945,
 "J1933-6211_log10_tnequad": -9.60497040395287,
 "J1933-6211_gamma_red": 0.4200194776419689,
 "J1933-6211_log10_A_red": -13.360524867267937
}