{
 "J2129-5721_efac": 1.129138459490986,
 "J2129-5721_log10_tnequad": -6.429607073709898,
 "J2129-5721_gamma_red": 2.417441659977113,
 "J2129-5721_log10_A_red": -13.097866248901044
}