{
 "J2124-3358_efac": 1.2732547060593422,
 "J2124-3358_log10_tnequad": -9.619023290681572,
 "J2124-3358_gamma_red": 6.01995043212797,
 "J2124-3358_log10_A_red": -15.211315353250878
}