{
 "J2145-0750_efac": 1.1644220099535108,
 "J2145-0750_log10_tnequad": -6.311462964012279,
 "J2145-0750_gamma_red": 1.3401514201899007,
 "J2145-0750_log10_A_red": -12.934093662270111
}