{
 "J2241-5236_efac": 1.0502457779371015,
 "J2241-5236_log10_tnequad": -6.937786749206225,
 "J2241-5236_gamma_red": 2.346278883872168,
 "J2241-5236_log10_A_red": -13.711850144623593
}